Name,Email,Username,Phone,Age,Address
Colleen,Marshall.Buckridge@hotmail.com,Raphaelle.Rohan65,456.522.0463,62,United Kingdom
Abraham,Althea_Kunze60@yahoo.com,Ollie_Hauck9,681.822.5833 x60451,47,Sao Tome and Principe
Godfrey,Armand.Turcotte30@hotmail.com,Estella_Dach,828-937-3834,98,Saint Vincent and the Grenadines
Percival,Ruthie_Mitchell16@hotmail.com,Clifford82,978-986-2148,19,Sri Lanka
Delia,Otto_Cremin@yahoo.com,Malcolm.Mertz,830-459-4347 x516,32,Iraq
Alisa,Vincent6@gmail.com,Lucious74,452.395.4810 x0820,34,Portugal
Rosanna,Lewis_Jacobs@yahoo.com,Rickey.Larson28,978.482.3815,33,Montenegro
Cassie,Chelsey_Raynor@yahoo.com,Danny94,940-286-8070,32,United Kingdom
Monroe,Athena_Maggio@yahoo.com,Nelle36,(439) 559-9334 x76285,20,Guyana
Amy,Celestino.Wisoky34@gmail.com,Carmela_Heller,290.228.1958,50,Mongolia
Geraldine,Maryjane.Kunze63@gmail.com,Lorna_Kuhic-Douglas,917.330.1969,60,Bhutan
Olen,Elvie_Bartell@hotmail.com,Edmund_Collier,1-287-896-4396 x690,33,Serbia
Jedidiah,Leonor48@yahoo.com,Evie.Strosin,(803) 200-6093 x9059,95,Falkland Islands (Malvinas)
Xavier,Karianne.Anderson@gmail.com,Sheridan_Gerhold,(508) 884-4172 x2708,40,Curacao
Marian,Chauncey99@yahoo.com,Mekhi93,1-970-495-2019 x22815,29,Congo
Zander,Brock_Pfeffer82@yahoo.com,Cecile4,1-216-575-0479,94,Bolivia
Salma,Nils.Cartwright67@yahoo.com,Bo_Bosco53,(698) 550-6529 x4048,86,Gambia
Chester,Freeman.Hills26@hotmail.com,Alexzander_Mayert,642.927.8563 x151,43,Cayman Islands
Harvey,Greyson_Daugherty@hotmail.com,Darron_Durgan15,561-342-4593,48,Solomon Islands
Darius,Grace71@gmail.com,Marcelina_Rau,1-272-816-6324 x1490,32,Croatia
